set foreign_key_checks = 0;

# permissions
INSERT INTO permissions (id, name, app_code, created_on, updated_on, role_no) VALUES (1, 'View UserGroups', 'default', now(), now(), 1);
INSERT INTO permissions (id, name, app_code, created_on, updated_on, role_no) VALUES (2, 'View Active UserGroups', 'view-active', now(), now(), 1);
INSERT INTO permissions (id, name, app_code, created_on, updated_on, role_no) VALUES (3, 'View New UserGroups', 'view-new', now(), now(), 1);
INSERT INTO permissions (id, name, app_code, created_on, updated_on, role_no) VALUES (4, 'View Edited UserGroups', 'view-edit', now(), now(), 1);
INSERT INTO permissions (id, name, app_code, created_on, updated_on, role_no) VALUES (5, 'View Deactivated UserGroups', 'view-deactivated', now(), now(), 1);
INSERT INTO permissions (id, name, app_code, created_on, updated_on, role_no) VALUES (6, 'View Inactive UserGroups', 'view-inactive', now(), now(), 1);
INSERT INTO permissions (id, name, app_code, created_on, updated_on, role_no) VALUES (7, 'Create UserGroups', 'new', now(), now(), 1);
INSERT INTO permissions (id, name, app_code, created_on, updated_on, role_no) VALUES (8, 'Edit UserGroups', 'edit', now(), now(), 1);
INSERT INTO permissions (id, name, app_code, created_on, updated_on, role_no) VALUES (9, 'Approve New  UserGroups', 'approve-new', now(), now(), 1);
INSERT INTO permissions (id, name, app_code, created_on, updated_on, role_no) VALUES (10, 'Decline New UserGroups', 'decline-new', now(), now(), 1);
INSERT INTO permissions (id, name, app_code, created_on, updated_on, role_no) VALUES (11, 'Approve Edited UserGroups', 'approve-edit', now(), now(), 1);
INSERT INTO permissions (id, name, app_code, created_on, updated_on, role_no) VALUES (12, 'Decline Edited UserGroups', 'decline-edit', now(), now(), 1);
INSERT INTO permissions (id, name, app_code, created_on, updated_on, role_no) VALUES (13, 'Approve Deactivated UserGroups', 'approve-deactivation', now(), now(), 1);
INSERT INTO permissions (id, name, app_code, created_on, updated_on, role_no) VALUES (14, 'Decline Deactivated UserGroups', 'decline-deactivation', now(), now(), 1);
INSERT INTO permissions (id, name, app_code, created_on, updated_on, role_no) VALUES (15, 'Delete UserGroups', 'delete', now(), now(), 1);
INSERT INTO permissions (id, name, app_code, created_on, updated_on, role_no) VALUES (16, 'Activate UserGroups', 'activate', now(), now(), 1);
INSERT INTO permissions (id, name, app_code, created_on, updated_on, role_no) VALUES (17, 'View Users', 'default', now(), now(), 2);
INSERT INTO permissions (id, name, app_code, created_on, updated_on, role_no) VALUES (18, 'View Active Users', 'view-active', now(), now(), 2);
INSERT INTO permissions (id, name, app_code, created_on, updated_on, role_no) VALUES (19, 'View New Users', 'view-new', now(), now(), 2);
INSERT INTO permissions (id, name, app_code, created_on, updated_on, role_no) VALUES (20, 'View Edited Users', 'view-edit', now(), now(), 2);
INSERT INTO permissions (id, name, app_code, created_on, updated_on, role_no) VALUES (21, 'View Deactivated Users', 'view-deactivated', now(), now(), 2);
INSERT INTO permissions (id, name, app_code, created_on, updated_on, role_no) VALUES (22, 'View Inactive Users', 'view-inactive', now(), now(), 2);
INSERT INTO permissions (id, name, app_code, created_on, updated_on, role_no) VALUES (23, 'Create Users', 'new', now(), now(), 2);
INSERT INTO permissions (id, name, app_code, created_on, updated_on, role_no) VALUES (24, 'Edit Users', 'edit', now(), now(), 2);
INSERT INTO permissions (id, name, app_code, created_on, updated_on, role_no) VALUES (25, 'Approve New  Users', 'approve-new', now(), now(), 2);
INSERT INTO permissions (id, name, app_code, created_on, updated_on, role_no) VALUES (26, 'Decline New Users', 'decline-new', now(), now(), 2);
INSERT INTO permissions (id, name, app_code, created_on, updated_on, role_no) VALUES (27, 'Approve Edited Users', 'approve-edit', now(), now(), 2);
INSERT INTO permissions (id, name, app_code, created_on, updated_on, role_no) VALUES (28, 'Decline Edited Users', 'decline-edit', now(), now(), 2);
INSERT INTO permissions (id, name, app_code, created_on, updated_on, role_no) VALUES (29, 'Approve Deactivated Users', 'approve-deactivation', now(), now(), 2);
INSERT INTO permissions (id, name, app_code, created_on, updated_on, role_no) VALUES (30, 'Decline Deactivated Users', 'decline-deactivation', now(), now(), 2);
INSERT INTO permissions (id, name, app_code, created_on, updated_on, role_no) VALUES (31, 'Delete Users', 'delete', now(), now(), 2);
INSERT INTO permissions (id, name, app_code, created_on, updated_on, role_no) VALUES (32, 'Activate Users', 'activate', now(), now(), 2);
INSERT INTO permissions (id, name, app_code, created_on, updated_on, role_no) VALUES (33, 'View Active Corporate', 'view-active', now(), now(), 3);
INSERT INTO permissions (id, name, app_code, created_on, updated_on, role_no) VALUES (34, 'View New Corporate', 'view-new', now(), now(), 3);
INSERT INTO permissions (id, name, app_code, created_on, updated_on, role_no) VALUES (35, 'View Edited Corporate', 'view-edit', now(), now(), 3);
INSERT INTO permissions (id, name, app_code, created_on, updated_on, role_no) VALUES (36, 'View Deactivated Corporate', 'view-deactivated', now(), now(), 3);
INSERT INTO permissions (id, name, app_code, created_on, updated_on, role_no) VALUES (37, 'View Inactive Corporate', 'view-inactive', now(), now(), 3);
INSERT INTO permissions (id, name, app_code, created_on, updated_on, role_no) VALUES (38, 'Create Corporate', 'new', now(), now(), 3);
INSERT INTO permissions (id, name, app_code, created_on, updated_on, role_no) VALUES (39, 'Edit Corporate', 'edit', now(), now(), 3);
INSERT INTO permissions (id, name, app_code, created_on, updated_on, role_no) VALUES (40, 'Approve New  Corporate', 'approve-new', now(), now(), 3);
INSERT INTO permissions (id, name, app_code, created_on, updated_on, role_no) VALUES (41, 'Decline New Corporate', 'decline-new', now(), now(), 3);
INSERT INTO permissions (id, name, app_code, created_on, updated_on, role_no) VALUES (42, 'Approve Edited Corporate', 'approve-edit', now(), now(), 3);
INSERT INTO permissions (id, name, app_code, created_on, updated_on, role_no) VALUES (43, 'Decline Edited Corporate', 'decline-edit', now(), now(), 3);
INSERT INTO permissions (id, name, app_code, created_on, updated_on, role_no) VALUES (44, 'Approve Deactivated Corporate', 'approve-deactivation', now(), now(), 3);
INSERT INTO permissions (id, name, app_code, created_on, updated_on, role_no) VALUES (45, 'Decline Deactivated Corporate', 'decline-deactivation', now(), now(), 3);
INSERT INTO permissions (id, name, app_code, created_on, updated_on, role_no) VALUES (46, 'Delete Corporate', 'delete', now(), now(), 3);
INSERT INTO permissions (id, name, app_code, created_on, updated_on, role_no) VALUES (47, 'Activate Corporate', 'activate', now(), now(), 3);
INSERT INTO permissions (id, name, app_code, created_on, updated_on, role_no) VALUES (48, 'Setting Configurations', 'settings', '2019-01-30 20:17:28', '2019-01-30 20:17:28', 4);
INSERT INTO permissions (id, name, app_code, created_on, updated_on, role_no) VALUES (49, 'MakerChecker Configurations', 'maker-checker', '2019-01-30 20:17:28', '2019-01-30 20:17:28', 4);
INSERT INTO permissions (id, name, app_code, created_on, updated_on, role_no) VALUES (50, 'Reason Codes', 'reason-code', '2019-01-30 20:17:28', '2019-01-30 20:17:28', 4);
INSERT INTO permissions (id, name, app_code, created_on, updated_on, role_no) VALUES (51, 'Audit Log', 'audit-log', now(), now(), 5);
# app roles
INSERT INTO app_roles (`id`, `name`, `app_code`, `created_at`, `updated_at`, `app_function`) VALUES (3, 'Corporate', 'ROLE_CORPORATES', now(), now(), 'system-admin');
INSERT INTO app_roles (`id`, `name`, `app_code`, `created_at`, `updated_at`, `app_function`) VALUES (4, 'Configuration', 'ROLE_CONFIGURATION', now(), now(), 'system-admin');
INSERT INTO app_roles (`id`, `name`, `app_code`, `created_at`, `updated_at`, `app_function`) VALUES (5, 'Audit Log', 'ROLE_AUDIT_LOG', now(), now(), 'system-admin');

# group permissions
INSERT INTO group_permissions (permission_id, user_group_id) VALUES (1,1);
INSERT INTO group_permissions (permission_id, user_group_id) VALUES (2, 1);
INSERT INTO group_permissions (permission_id, user_group_id) VALUES (3, 1);
INSERT INTO group_permissions (permission_id, user_group_id) VALUES (4, 1);
INSERT INTO group_permissions (permission_id, user_group_id) VALUES (5, 1);
INSERT INTO group_permissions (permission_id, user_group_id) VALUES (6, 1);
INSERT INTO group_permissions (permission_id, user_group_id) VALUES (7, 1);
INSERT INTO group_permissions (permission_id, user_group_id) VALUES (8, 1);
INSERT INTO group_permissions (permission_id, user_group_id) VALUES (9, 1);
INSERT INTO group_permissions (permission_id, user_group_id) VALUES (10,1);
INSERT INTO group_permissions (permission_id, user_group_id) VALUES (11, 1);
INSERT INTO group_permissions (permission_id, user_group_id) VALUES (12, 1);
INSERT INTO group_permissions (permission_id, user_group_id) VALUES (13, 1);
INSERT INTO group_permissions (permission_id, user_group_id) VALUES (14, 1);
INSERT INTO group_permissions (permission_id, user_group_id) VALUES (15, 1);
INSERT INTO group_permissions (permission_id, user_group_id) VALUES (16, 1);
INSERT INTO group_permissions (permission_id, user_group_id) VALUES (17, 1);
INSERT INTO group_permissions (permission_id, user_group_id) VALUES (18, 1);
INSERT INTO group_permissions (permission_id, user_group_id) VALUES (19, 1);
INSERT INTO group_permissions (permission_id, user_group_id) VALUES (20, 1);
INSERT INTO group_permissions (permission_id, user_group_id) VALUES (21, 1);
INSERT INTO group_permissions (permission_id, user_group_id) VALUES (22, 1);
INSERT INTO group_permissions (permission_id, user_group_id) VALUES (23, 1);
INSERT INTO group_permissions (permission_id, user_group_id) VALUES (24, 1);
INSERT INTO group_permissions (permission_id, user_group_id) VALUES (25, 1);
INSERT INTO group_permissions (permission_id, user_group_id) VALUES (26, 1);
INSERT INTO group_permissions (permission_id, user_group_id) VALUES (27, 1);
INSERT INTO group_permissions (permission_id, user_group_id) VALUES (28, 1);
INSERT INTO group_permissions (permission_id, user_group_id) VALUES (29, 1);
INSERT INTO group_permissions (permission_id, user_group_id) VALUES (30, 1);
INSERT INTO group_permissions (permission_id, user_group_id) VALUES (31, 1);
INSERT INTO group_permissions (permission_id, user_group_id) VALUES (32, 1);
INSERT INTO group_permissions (permission_id, user_group_id) VALUES (33, 1);
INSERT INTO group_permissions (permission_id, user_group_id) VALUES (34, 1);
INSERT INTO group_permissions (permission_id, user_group_id) VALUES (35, 1);
INSERT INTO group_permissions (permission_id, user_group_id) VALUES (36, 1);
INSERT INTO group_permissions (permission_id, user_group_id) VALUES (37, 1);
INSERT INTO group_permissions (permission_id, user_group_id) VALUES (38, 1);
INSERT INTO group_permissions (permission_id, user_group_id) VALUES (39, 1);
INSERT INTO group_permissions (permission_id, user_group_id) VALUES (40, 1);
INSERT INTO group_permissions (permission_id, user_group_id) VALUES (41, 1);
INSERT INTO group_permissions (permission_id, user_group_id) VALUES (42, 1);
INSERT INTO group_permissions (permission_id, user_group_id) VALUES (43, 1);
INSERT INTO group_permissions (permission_id, user_group_id) VALUES (44, 1);
INSERT INTO group_permissions (permission_id, user_group_id) VALUES (45, 1);
INSERT INTO group_permissions (permission_id, user_group_id) VALUES (46, 1);
INSERT INTO group_permissions (permission_id, user_group_id) VALUES (47, 1);
INSERT INTO group_permissions (permission_id, user_group_id) VALUES (48, 1);
INSERT INTO group_permissions (permission_id, user_group_id) VALUES (49, 1);
INSERT INTO group_permissions (permission_id, user_group_id) VALUES (50, 1);
INSERT INTO group_permissions (permission_id, user_group_id) VALUES (51, 1);

set foreign_key_checks = 1;